Label,URI,Parent URI,Sort Priority,Description,Local Notation
Derby,http://statistics.data.gov.uk/id/statistical-geography/E06000015,,0,,E06000015
Amber Valley,http://statistics.data.gov.uk/id/statistical-geography/E07000032,,1,,E07000032
Bolsover,http://statistics.data.gov.uk/id/statistical-geography/E07000033,,2,,E07000033
Chesterfield,http://statistics.data.gov.uk/id/statistical-geography/E07000034,,3,,E07000034
Derbyshire Dales,http://statistics.data.gov.uk/id/statistical-geography/E07000035,,4,,E07000035
Erewash,http://statistics.data.gov.uk/id/statistical-geography/E07000036,,5,,E07000036
High Peak,http://statistics.data.gov.uk/id/statistical-geography/E07000037,,6,,E07000037
North East Derbyshire,http://statistics.data.gov.uk/id/statistical-geography/E07000038,,7,,E07000038
South Derbyshire,http://statistics.data.gov.uk/id/statistical-geography/E07000039,,8,,E07000039
Leicester,http://statistics.data.gov.uk/id/statistical-geography/E06000016,,9,,E06000016
Blaby,http://statistics.data.gov.uk/id/statistical-geography/E07000129,,10,,E07000129
Charnwood,http://statistics.data.gov.uk/id/statistical-geography/E07000130,,11,,E07000130
Harborough,http://statistics.data.gov.uk/id/statistical-geography/E07000131,,12,,E07000131
Hinckley and Bosworth,http://statistics.data.gov.uk/id/statistical-geography/E07000132,,13,,E07000132
Melton,http://statistics.data.gov.uk/id/statistical-geography/E07000133,,14,,E07000133
North West Leicestershire,http://statistics.data.gov.uk/id/statistical-geography/E07000134,,15,,E07000134
Oadby and Wigston,http://statistics.data.gov.uk/id/statistical-geography/E07000135,,16,,E07000135
Boston,http://statistics.data.gov.uk/id/statistical-geography/E07000136,,17,,E07000136
East Lindsey,http://statistics.data.gov.uk/id/statistical-geography/E07000137,,18,,E07000137
Lincoln,http://statistics.data.gov.uk/id/statistical-geography/E07000138,,19,,E07000138
North Kesteven,http://statistics.data.gov.uk/id/statistical-geography/E07000139,,20,,E07000139
South Holland,http://statistics.data.gov.uk/id/statistical-geography/E07000140,,21,,E07000140
South Kesteven,http://statistics.data.gov.uk/id/statistical-geography/E07000141,,22,,E07000141
West Lindsey,http://statistics.data.gov.uk/id/statistical-geography/E07000142,,23,,E07000142
North Northamptonshire,http://statistics.data.gov.uk/id/statistical-geography/E06000061,,24,,E06000061
West Northamptonshire,http://statistics.data.gov.uk/id/statistical-geography/E06000062,,25,,E06000062
Nottingham,http://statistics.data.gov.uk/id/statistical-geography/E06000018,,26,,E06000018
Ashfield,http://statistics.data.gov.uk/id/statistical-geography/E07000170,,27,,E07000170
Bassetlaw,http://statistics.data.gov.uk/id/statistical-geography/E07000171,,28,,E07000171
Broxtowe,http://statistics.data.gov.uk/id/statistical-geography/E07000172,,29,,E07000172
Gedling,http://statistics.data.gov.uk/id/statistical-geography/E07000173,,30,,E07000173
Mansfield,http://statistics.data.gov.uk/id/statistical-geography/E07000174,,31,,E07000174
Newark and Sherwood,http://statistics.data.gov.uk/id/statistical-geography/E07000175,,32,,E07000175
Rushcliffe,http://statistics.data.gov.uk/id/statistical-geography/E07000176,,33,,E07000176
Rutland,http://statistics.data.gov.uk/id/statistical-geography/E06000017,,34,,E06000017
Bedford,http://statistics.data.gov.uk/id/statistical-geography/E06000055,,35,,E06000055
Central Bedfordshire,http://statistics.data.gov.uk/id/statistical-geography/E06000056,,36,,E06000056
Cambridge,http://statistics.data.gov.uk/id/statistical-geography/E07000008,,37,,E07000008
East Cambridgeshire,http://statistics.data.gov.uk/id/statistical-geography/E07000009,,38,,E07000009
Fenland,http://statistics.data.gov.uk/id/statistical-geography/E07000010,,39,,E07000010
Huntingdonshire,http://statistics.data.gov.uk/id/statistical-geography/E07000011,,40,,E07000011
South Cambridgeshire,http://statistics.data.gov.uk/id/statistical-geography/E07000012,,41,,E07000012
Basildon,http://statistics.data.gov.uk/id/statistical-geography/E07000066,,42,,E07000066
Braintree,http://statistics.data.gov.uk/id/statistical-geography/E07000067,,43,,E07000067
Brentwood,http://statistics.data.gov.uk/id/statistical-geography/E07000068,,44,,E07000068
Castle Point,http://statistics.data.gov.uk/id/statistical-geography/E07000069,,45,,E07000069
Chelmsford,http://statistics.data.gov.uk/id/statistical-geography/E07000070,,46,,E07000070
Colchester,http://statistics.data.gov.uk/id/statistical-geography/E07000071,,47,,E07000071
Epping Forest,http://statistics.data.gov.uk/id/statistical-geography/E07000072,,48,,E07000072
Harlow,http://statistics.data.gov.uk/id/statistical-geography/E07000073,,49,,E07000073
Maldon,http://statistics.data.gov.uk/id/statistical-geography/E07000074,,50,,E07000074
Rochford,http://statistics.data.gov.uk/id/statistical-geography/E07000075,,51,,E07000075
Tendring,http://statistics.data.gov.uk/id/statistical-geography/E07000076,,52,,E07000076
Uttlesford,http://statistics.data.gov.uk/id/statistical-geography/E07000077,,53,,E07000077
Broxbourne,http://statistics.data.gov.uk/id/statistical-geography/E07000095,,54,,E07000095
Dacorum,http://statistics.data.gov.uk/id/statistical-geography/E07000096,,55,,E07000096
East Hertfordshire,http://statistics.data.gov.uk/id/statistical-geography/E07000242,,56,,E07000242
Hertsmere,http://statistics.data.gov.uk/id/statistical-geography/E07000098,,57,,E07000098
North Hertfordshire,http://statistics.data.gov.uk/id/statistical-geography/E07000099,,58,,E07000099
St Albans,http://statistics.data.gov.uk/id/statistical-geography/E07000240,,59,,E07000240
Stevenage,http://statistics.data.gov.uk/id/statistical-geography/E07000243,,60,,E07000243
Three Rivers,http://statistics.data.gov.uk/id/statistical-geography/E07000102,,61,,E07000102
Watford,http://statistics.data.gov.uk/id/statistical-geography/E07000103,,62,,E07000103
Welwyn Hatfield,http://statistics.data.gov.uk/id/statistical-geography/E07000241,,63,,E07000241
Luton,http://statistics.data.gov.uk/id/statistical-geography/E06000032,,64,,E06000032
Breckland,http://statistics.data.gov.uk/id/statistical-geography/E07000143,,65,,E07000143
Broadland,http://statistics.data.gov.uk/id/statistical-geography/E07000144,,66,,E07000144
Great Yarmouth,http://statistics.data.gov.uk/id/statistical-geography/E07000145,,67,,E07000145
King's Lynn and West Norfolk,http://statistics.data.gov.uk/id/statistical-geography/E07000146,,68,,E07000146
North Norfolk,http://statistics.data.gov.uk/id/statistical-geography/E07000147,,69,,E07000147
Norwich,http://statistics.data.gov.uk/id/statistical-geography/E07000148,,70,,E07000148
South Norfolk,http://statistics.data.gov.uk/id/statistical-geography/E07000149,,71,,E07000149
Peterborough,http://statistics.data.gov.uk/id/statistical-geography/E06000031,,72,,E06000031
Southend-on-Sea,http://statistics.data.gov.uk/id/statistical-geography/E06000033,,73,,E06000033
Babergh,http://statistics.data.gov.uk/id/statistical-geography/E07000200,,74,,E07000200
East Suffolk,http://statistics.data.gov.uk/id/statistical-geography/E07000244,,75,,E07000244
Ipswich,http://statistics.data.gov.uk/id/statistical-geography/E07000202,,76,,E07000202
Mid Suffolk,http://statistics.data.gov.uk/id/statistical-geography/E07000203,,77,,E07000203
West Suffolk,http://statistics.data.gov.uk/id/statistical-geography/E07000245,,78,,E07000245
Thurrock,http://statistics.data.gov.uk/id/statistical-geography/E06000034,,79,,E06000034
Barking and Dagenham,http://statistics.data.gov.uk/id/statistical-geography/E09000002,,80,,E09000002
Barnet,http://statistics.data.gov.uk/id/statistical-geography/E09000003,,81,,E09000003
Bexley,http://statistics.data.gov.uk/id/statistical-geography/E09000004,,82,,E09000004
Brent,http://statistics.data.gov.uk/id/statistical-geography/E09000005,,83,,E09000005
Bromley,http://statistics.data.gov.uk/id/statistical-geography/E09000006,,84,,E09000006
Camden,http://statistics.data.gov.uk/id/statistical-geography/E09000007,,85,,E09000007
City of London,http://statistics.data.gov.uk/id/statistical-geography/E09000001,,86,,E09000001
Croydon,http://statistics.data.gov.uk/id/statistical-geography/E09000008,,87,,E09000008
Ealing,http://statistics.data.gov.uk/id/statistical-geography/E09000009,,88,,E09000009
Enfield,http://statistics.data.gov.uk/id/statistical-geography/E09000010,,89,,E09000010
Greenwich,http://statistics.data.gov.uk/id/statistical-geography/E09000011,,90,,E09000011
Hackney,http://statistics.data.gov.uk/id/statistical-geography/E09000012,,91,,E09000012
Hammersmith and Fulham,http://statistics.data.gov.uk/id/statistical-geography/E09000013,,92,,E09000013
Haringey,http://statistics.data.gov.uk/id/statistical-geography/E09000014,,93,,E09000014
Harrow,http://statistics.data.gov.uk/id/statistical-geography/E09000015,,94,,E09000015
Havering,http://statistics.data.gov.uk/id/statistical-geography/E09000016,,95,,E09000016
Hillingdon,http://statistics.data.gov.uk/id/statistical-geography/E09000017,,96,,E09000017
Hounslow,http://statistics.data.gov.uk/id/statistical-geography/E09000018,,97,,E09000018
Islington,http://statistics.data.gov.uk/id/statistical-geography/E09000019,,98,,E09000019
Kensington and Chelsea,http://statistics.data.gov.uk/id/statistical-geography/E09000020,,99,,E09000020
Kingston upon Thames,http://statistics.data.gov.uk/id/statistical-geography/E09000021,,100,,E09000021
Lambeth,http://statistics.data.gov.uk/id/statistical-geography/E09000022,,101,,E09000022
Lewisham,http://statistics.data.gov.uk/id/statistical-geography/E09000023,,102,,E09000023
Merton,http://statistics.data.gov.uk/id/statistical-geography/E09000024,,103,,E09000024
Newham,http://statistics.data.gov.uk/id/statistical-geography/E09000025,,104,,E09000025
Redbridge,http://statistics.data.gov.uk/id/statistical-geography/E09000026,,105,,E09000026
Richmond upon Thames,http://statistics.data.gov.uk/id/statistical-geography/E09000027,,106,,E09000027
Southwark,http://statistics.data.gov.uk/id/statistical-geography/E09000028,,107,,E09000028
Sutton,http://statistics.data.gov.uk/id/statistical-geography/E09000029,,108,,E09000029
Tower Hamlets,http://statistics.data.gov.uk/id/statistical-geography/E09000030,,109,,E09000030
Waltham Forest,http://statistics.data.gov.uk/id/statistical-geography/E09000031,,110,,E09000031
Wandsworth,http://statistics.data.gov.uk/id/statistical-geography/E09000032,,111,,E09000032
Westminster,http://statistics.data.gov.uk/id/statistical-geography/E09000033,,112,,E09000033
Darlington,http://statistics.data.gov.uk/id/statistical-geography/E06000005,,113,,E06000005
County Durham,http://statistics.data.gov.uk/id/statistical-geography/E06000047,,114,,E06000047
Gateshead,http://statistics.data.gov.uk/id/statistical-geography/E08000037,,115,,E08000037
Hartlepool,http://statistics.data.gov.uk/id/statistical-geography/E06000001,,116,,E06000001
Middlesbrough,http://statistics.data.gov.uk/id/statistical-geography/E06000002,,117,,E06000002
Newcastle upon Tyne,http://statistics.data.gov.uk/id/statistical-geography/E08000021,,118,,E08000021
North Tyneside,http://statistics.data.gov.uk/id/statistical-geography/E08000022,,119,,E08000022
Northumberland,http://statistics.data.gov.uk/id/statistical-geography/E06000057,,120,,E06000057
Redcar and Cleveland,http://statistics.data.gov.uk/id/statistical-geography/E06000003,,121,,E06000003
South Tyneside,http://statistics.data.gov.uk/id/statistical-geography/E08000023,,122,,E08000023
Stockton-on-Tees,http://statistics.data.gov.uk/id/statistical-geography/E06000004,,123,,E06000004
Sunderland,http://statistics.data.gov.uk/id/statistical-geography/E08000024,,124,,E08000024
Blackburn with Darwen,http://statistics.data.gov.uk/id/statistical-geography/E06000008,,125,,E06000008
Blackpool,http://statistics.data.gov.uk/id/statistical-geography/E06000009,,126,,E06000009
Bolton,http://statistics.data.gov.uk/id/statistical-geography/E08000001,,127,,E08000001
Bury,http://statistics.data.gov.uk/id/statistical-geography/E08000002,,128,,E08000002
Cheshire East,http://statistics.data.gov.uk/id/statistical-geography/E06000049,,129,,E06000049
Cheshire West and Chester,http://statistics.data.gov.uk/id/statistical-geography/E06000050,,130,,E06000050
Allerdale,http://statistics.data.gov.uk/id/statistical-geography/E07000026,,131,,E07000026
Barrow-in-Furness,http://statistics.data.gov.uk/id/statistical-geography/E07000027,,132,,E07000027
Carlisle,http://statistics.data.gov.uk/id/statistical-geography/E07000028,,133,,E07000028
Copeland,http://statistics.data.gov.uk/id/statistical-geography/E07000029,,134,,E07000029
Eden,http://statistics.data.gov.uk/id/statistical-geography/E07000030,,135,,E07000030
South Lakeland,http://statistics.data.gov.uk/id/statistical-geography/E07000031,,136,,E07000031
Halton,http://statistics.data.gov.uk/id/statistical-geography/E06000006,,137,,E06000006
Knowsley,http://statistics.data.gov.uk/id/statistical-geography/E08000011,,138,,E08000011
Burnley,http://statistics.data.gov.uk/id/statistical-geography/E07000117,,139,,E07000117
Chorley,http://statistics.data.gov.uk/id/statistical-geography/E07000118,,140,,E07000118
Fylde,http://statistics.data.gov.uk/id/statistical-geography/E07000119,,141,,E07000119
Hyndburn,http://statistics.data.gov.uk/id/statistical-geography/E07000120,,142,,E07000120
Lancaster,http://statistics.data.gov.uk/id/statistical-geography/E07000121,,143,,E07000121
Pendle,http://statistics.data.gov.uk/id/statistical-geography/E07000122,,144,,E07000122
Preston,http://statistics.data.gov.uk/id/statistical-geography/E07000123,,145,,E07000123
Ribble Valley,http://statistics.data.gov.uk/id/statistical-geography/E07000124,,146,,E07000124
Rossendale,http://statistics.data.gov.uk/id/statistical-geography/E07000125,,147,,E07000125
South Ribble,http://statistics.data.gov.uk/id/statistical-geography/E07000126,,148,,E07000126
West Lancashire,http://statistics.data.gov.uk/id/statistical-geography/E07000127,,149,,E07000127
Wyre,http://statistics.data.gov.uk/id/statistical-geography/E07000128,,150,,E07000128
Liverpool,http://statistics.data.gov.uk/id/statistical-geography/E08000012,,151,,E08000012
Manchester,http://statistics.data.gov.uk/id/statistical-geography/E08000003,,152,,E08000003
Oldham,http://statistics.data.gov.uk/id/statistical-geography/E08000004,,153,,E08000004
Rochdale,http://statistics.data.gov.uk/id/statistical-geography/E08000005,,154,,E08000005
Salford,http://statistics.data.gov.uk/id/statistical-geography/E08000006,,155,,E08000006
Sefton,http://statistics.data.gov.uk/id/statistical-geography/E08000014,,156,,E08000014
St. Helens,http://statistics.data.gov.uk/id/statistical-geography/E08000013,,157,,E08000013
Stockport,http://statistics.data.gov.uk/id/statistical-geography/E08000007,,158,,E08000007
Tameside,http://statistics.data.gov.uk/id/statistical-geography/E08000008,,159,,E08000008
Trafford,http://statistics.data.gov.uk/id/statistical-geography/E08000009,,160,,E08000009
Warrington,http://statistics.data.gov.uk/id/statistical-geography/E06000007,,161,,E06000007
Wigan,http://statistics.data.gov.uk/id/statistical-geography/E08000010,,162,,E08000010
Wirral,http://statistics.data.gov.uk/id/statistical-geography/E08000015,,163,,E08000015
Bracknell Forest,http://statistics.data.gov.uk/id/statistical-geography/E06000036,,164,,E06000036
Brighton and Hove,http://statistics.data.gov.uk/id/statistical-geography/E06000043,,165,,E06000043
Buckinghamshire,http://statistics.data.gov.uk/id/statistical-geography/E06000060,,166,,E06000060
Eastbourne,http://statistics.data.gov.uk/id/statistical-geography/E07000061,,167,,E07000061
Hastings,http://statistics.data.gov.uk/id/statistical-geography/E07000062,,168,,E07000062
Lewes,http://statistics.data.gov.uk/id/statistical-geography/E07000063,,169,,E07000063
Rother,http://statistics.data.gov.uk/id/statistical-geography/E07000064,,170,,E07000064
Wealden,http://statistics.data.gov.uk/id/statistical-geography/E07000065,,171,,E07000065
Basingstoke and Deane,http://statistics.data.gov.uk/id/statistical-geography/E07000084,,172,,E07000084
East Hampshire,http://statistics.data.gov.uk/id/statistical-geography/E07000085,,173,,E07000085
Eastleigh,http://statistics.data.gov.uk/id/statistical-geography/E07000086,,174,,E07000086
Fareham,http://statistics.data.gov.uk/id/statistical-geography/E07000087,,175,,E07000087
Gosport,http://statistics.data.gov.uk/id/statistical-geography/E07000088,,176,,E07000088
Hart,http://statistics.data.gov.uk/id/statistical-geography/E07000089,,177,,E07000089
Havant,http://statistics.data.gov.uk/id/statistical-geography/E07000090,,178,,E07000090
New Forest,http://statistics.data.gov.uk/id/statistical-geography/E07000091,,179,,E07000091
Rushmoor,http://statistics.data.gov.uk/id/statistical-geography/E07000092,,180,,E07000092
Test Valley,http://statistics.data.gov.uk/id/statistical-geography/E07000093,,181,,E07000093
Winchester,http://statistics.data.gov.uk/id/statistical-geography/E07000094,,182,,E07000094
Isle of Wight,http://statistics.data.gov.uk/id/statistical-geography/E06000046,,183,,E06000046
Ashford,http://statistics.data.gov.uk/id/statistical-geography/E07000105,,184,,E07000105
Canterbury,http://statistics.data.gov.uk/id/statistical-geography/E07000106,,185,,E07000106
Dartford,http://statistics.data.gov.uk/id/statistical-geography/E07000107,,186,,E07000107
Dover,http://statistics.data.gov.uk/id/statistical-geography/E07000108,,187,,E07000108
Folkestone and Hythe,http://statistics.data.gov.uk/id/statistical-geography/E07000112,,188,,E07000112
Gravesham,http://statistics.data.gov.uk/id/statistical-geography/E07000109,,189,,E07000109
Maidstone,http://statistics.data.gov.uk/id/statistical-geography/E07000110,,190,,E07000110
Sevenoaks,http://statistics.data.gov.uk/id/statistical-geography/E07000111,,191,,E07000111
Swale,http://statistics.data.gov.uk/id/statistical-geography/E07000113,,192,,E07000113
Thanet,http://statistics.data.gov.uk/id/statistical-geography/E07000114,,193,,E07000114
Tonbridge and Malling,http://statistics.data.gov.uk/id/statistical-geography/E07000115,,194,,E07000115
Tunbridge Wells,http://statistics.data.gov.uk/id/statistical-geography/E07000116,,195,,E07000116
Medway,http://statistics.data.gov.uk/id/statistical-geography/E06000035,,196,,E06000035
Milton Keynes,http://statistics.data.gov.uk/id/statistical-geography/E06000042,,197,,E06000042
Cherwell,http://statistics.data.gov.uk/id/statistical-geography/E07000177,,198,,E07000177
Oxford,http://statistics.data.gov.uk/id/statistical-geography/E07000178,,199,,E07000178
South Oxfordshire,http://statistics.data.gov.uk/id/statistical-geography/E07000179,,200,,E07000179
Vale of White Horse,http://statistics.data.gov.uk/id/statistical-geography/E07000180,,201,,E07000180
West Oxfordshire,http://statistics.data.gov.uk/id/statistical-geography/E07000181,,202,,E07000181
Portsmouth,http://statistics.data.gov.uk/id/statistical-geography/E06000044,,203,,E06000044
Reading,http://statistics.data.gov.uk/id/statistical-geography/E06000038,,204,,E06000038
Slough,http://statistics.data.gov.uk/id/statistical-geography/E06000039,,205,,E06000039
Southampton,http://statistics.data.gov.uk/id/statistical-geography/E06000045,,206,,E06000045
Elmbridge,http://statistics.data.gov.uk/id/statistical-geography/E07000207,,207,,E07000207
Epsom and Ewell,http://statistics.data.gov.uk/id/statistical-geography/E07000208,,208,,E07000208
Guildford,http://statistics.data.gov.uk/id/statistical-geography/E07000209,,209,,E07000209
Mole Valley,http://statistics.data.gov.uk/id/statistical-geography/E07000210,,210,,E07000210
Reigate and Banstead,http://statistics.data.gov.uk/id/statistical-geography/E07000211,,211,,E07000211
Runnymede,http://statistics.data.gov.uk/id/statistical-geography/E07000212,,212,,E07000212
Spelthorne,http://statistics.data.gov.uk/id/statistical-geography/E07000213,,213,,E07000213
Surrey Heath,http://statistics.data.gov.uk/id/statistical-geography/E07000214,,214,,E07000214
Tandridge,http://statistics.data.gov.uk/id/statistical-geography/E07000215,,215,,E07000215
Waverley,http://statistics.data.gov.uk/id/statistical-geography/E07000216,,216,,E07000216
Woking,http://statistics.data.gov.uk/id/statistical-geography/E07000217,,217,,E07000217
West Berkshire,http://statistics.data.gov.uk/id/statistical-geography/E06000037,,218,,E06000037
Adur,http://statistics.data.gov.uk/id/statistical-geography/E07000223,,219,,E07000223
Arun,http://statistics.data.gov.uk/id/statistical-geography/E07000224,,220,,E07000224
Chichester,http://statistics.data.gov.uk/id/statistical-geography/E07000225,,221,,E07000225
Crawley,http://statistics.data.gov.uk/id/statistical-geography/E07000226,,222,,E07000226
Horsham,http://statistics.data.gov.uk/id/statistical-geography/E07000227,,223,,E07000227
Mid Sussex,http://statistics.data.gov.uk/id/statistical-geography/E07000228,,224,,E07000228
Worthing,http://statistics.data.gov.uk/id/statistical-geography/E07000229,,225,,E07000229
Windsor and Maidenhead,http://statistics.data.gov.uk/id/statistical-geography/E06000040,,226,,E06000040
Wokingham,http://statistics.data.gov.uk/id/statistical-geography/E06000041,,227,,E06000041
Bath and North East Somerset,http://statistics.data.gov.uk/id/statistical-geography/E06000022,,228,,E06000022
"Bristol, City of",http://statistics.data.gov.uk/id/statistical-geography/E06000023,,229,,E06000023
Cornwall,http://statistics.data.gov.uk/id/statistical-geography/E06000052,,230,,E06000052
East Devon,http://statistics.data.gov.uk/id/statistical-geography/E07000040,,231,,E07000040
Exeter,http://statistics.data.gov.uk/id/statistical-geography/E07000041,,232,,E07000041
Mid Devon,http://statistics.data.gov.uk/id/statistical-geography/E07000042,,233,,E07000042
North Devon,http://statistics.data.gov.uk/id/statistical-geography/E07000043,,234,,E07000043
South Hams,http://statistics.data.gov.uk/id/statistical-geography/E07000044,,235,,E07000044
Teignbridge,http://statistics.data.gov.uk/id/statistical-geography/E07000045,,236,,E07000045
Torridge,http://statistics.data.gov.uk/id/statistical-geography/E07000046,,237,,E07000046
West Devon,http://statistics.data.gov.uk/id/statistical-geography/E07000047,,238,,E07000047
"Bournemouth, Christchurch and Poole",http://statistics.data.gov.uk/id/statistical-geography/E06000058,,239,,E06000058
Dorset,http://statistics.data.gov.uk/id/statistical-geography/E06000059,,240,,E06000059
Cheltenham,http://statistics.data.gov.uk/id/statistical-geography/E07000078,,241,,E07000078
Cotswold,http://statistics.data.gov.uk/id/statistical-geography/E07000079,,242,,E07000079
Forest of Dean,http://statistics.data.gov.uk/id/statistical-geography/E07000080,,243,,E07000080
Gloucester,http://statistics.data.gov.uk/id/statistical-geography/E07000081,,244,,E07000081
Stroud,http://statistics.data.gov.uk/id/statistical-geography/E07000082,,245,,E07000082
Tewkesbury,http://statistics.data.gov.uk/id/statistical-geography/E07000083,,246,,E07000083
Isles of Scilly,http://statistics.data.gov.uk/id/statistical-geography/E06000053,,247,,E06000053
North Somerset,http://statistics.data.gov.uk/id/statistical-geography/E06000024,,248,,E06000024
Plymouth,http://statistics.data.gov.uk/id/statistical-geography/E06000026,,249,,E06000026
Mendip,http://statistics.data.gov.uk/id/statistical-geography/E07000187,,250,,E07000187
Sedgemoor,http://statistics.data.gov.uk/id/statistical-geography/E07000188,,251,,E07000188
Somerset West and Taunton,http://statistics.data.gov.uk/id/statistical-geography/E07000246,,252,,E07000246
South Somerset,http://statistics.data.gov.uk/id/statistical-geography/E07000189,,253,,E07000189
South Gloucestershire,http://statistics.data.gov.uk/id/statistical-geography/E06000025,,254,,E06000025
Swindon,http://statistics.data.gov.uk/id/statistical-geography/E06000030,,255,,E06000030
Torbay,http://statistics.data.gov.uk/id/statistical-geography/E06000027,,256,,E06000027
Wiltshire,http://statistics.data.gov.uk/id/statistical-geography/E06000054,,257,,E06000054
Birmingham,http://statistics.data.gov.uk/id/statistical-geography/E08000025,,258,,E08000025
Coventry,http://statistics.data.gov.uk/id/statistical-geography/E08000026,,259,,E08000026
Dudley,http://statistics.data.gov.uk/id/statistical-geography/E08000027,,260,,E08000027
"Herefordshire, County of",http://statistics.data.gov.uk/id/statistical-geography/E06000019,,261,,E06000019
Sandwell,http://statistics.data.gov.uk/id/statistical-geography/E08000028,,262,,E08000028
Shropshire,http://statistics.data.gov.uk/id/statistical-geography/E06000051,,263,,E06000051
Solihull,http://statistics.data.gov.uk/id/statistical-geography/E08000029,,264,,E08000029
Cannock Chase,http://statistics.data.gov.uk/id/statistical-geography/E07000192,,265,,E07000192
East Staffordshire,http://statistics.data.gov.uk/id/statistical-geography/E07000193,,266,,E07000193
Lichfield,http://statistics.data.gov.uk/id/statistical-geography/E07000194,,267,,E07000194
Newcastle-under-Lyme,http://statistics.data.gov.uk/id/statistical-geography/E07000195,,268,,E07000195
South Staffordshire,http://statistics.data.gov.uk/id/statistical-geography/E07000196,,269,,E07000196
Stafford,http://statistics.data.gov.uk/id/statistical-geography/E07000197,,270,,E07000197
Staffordshire Moorlands,http://statistics.data.gov.uk/id/statistical-geography/E07000198,,271,,E07000198
Tamworth,http://statistics.data.gov.uk/id/statistical-geography/E07000199,,272,,E07000199
Stoke-on-Trent,http://statistics.data.gov.uk/id/statistical-geography/E06000021,,273,,E06000021
Telford and Wrekin,http://statistics.data.gov.uk/id/statistical-geography/E06000020,,274,,E06000020
Walsall,http://statistics.data.gov.uk/id/statistical-geography/E08000030,,275,,E08000030
North Warwickshire,http://statistics.data.gov.uk/id/statistical-geography/E07000218,,276,,E07000218
Nuneaton and Bedworth,http://statistics.data.gov.uk/id/statistical-geography/E07000219,,277,,E07000219
Rugby,http://statistics.data.gov.uk/id/statistical-geography/E07000220,,278,,E07000220
Stratford-on-Avon,http://statistics.data.gov.uk/id/statistical-geography/E07000221,,279,,E07000221
Warwick,http://statistics.data.gov.uk/id/statistical-geography/E07000222,,280,,E07000222
Wolverhampton,http://statistics.data.gov.uk/id/statistical-geography/E08000031,,281,,E08000031
Bromsgrove,http://statistics.data.gov.uk/id/statistical-geography/E07000234,,282,,E07000234
Malvern Hills,http://statistics.data.gov.uk/id/statistical-geography/E07000235,,283,,E07000235
Redditch,http://statistics.data.gov.uk/id/statistical-geography/E07000236,,284,,E07000236
Worcester,http://statistics.data.gov.uk/id/statistical-geography/E07000237,,285,,E07000237
Wychavon,http://statistics.data.gov.uk/id/statistical-geography/E07000238,,286,,E07000238
Wyre Forest,http://statistics.data.gov.uk/id/statistical-geography/E07000239,,287,,E07000239
Barnsley,http://statistics.data.gov.uk/id/statistical-geography/E08000016,,288,,E08000016
Bradford,http://statistics.data.gov.uk/id/statistical-geography/E08000032,,289,,E08000032
Calderdale,http://statistics.data.gov.uk/id/statistical-geography/E08000033,,290,,E08000033
Doncaster,http://statistics.data.gov.uk/id/statistical-geography/E08000017,,291,,E08000017
East Riding of Yorkshire,http://statistics.data.gov.uk/id/statistical-geography/E06000011,,292,,E06000011
"Kingston upon Hull, City of",http://statistics.data.gov.uk/id/statistical-geography/E06000010,,293,,E06000010
Kirklees,http://statistics.data.gov.uk/id/statistical-geography/E08000034,,294,,E08000034
Leeds,http://statistics.data.gov.uk/id/statistical-geography/E08000035,,295,,E08000035
North East Lincolnshire,http://statistics.data.gov.uk/id/statistical-geography/E06000012,,296,,E06000012
North Lincolnshire,http://statistics.data.gov.uk/id/statistical-geography/E06000013,,297,,E06000013
Craven,http://statistics.data.gov.uk/id/statistical-geography/E07000163,,298,,E07000163
Hambleton,http://statistics.data.gov.uk/id/statistical-geography/E07000164,,299,,E07000164
Harrogate,http://statistics.data.gov.uk/id/statistical-geography/E07000165,,300,,E07000165
Richmondshire,http://statistics.data.gov.uk/id/statistical-geography/E07000166,,301,,E07000166
Ryedale,http://statistics.data.gov.uk/id/statistical-geography/E07000167,,302,,E07000167
Scarborough,http://statistics.data.gov.uk/id/statistical-geography/E07000168,,303,,E07000168
Selby,http://statistics.data.gov.uk/id/statistical-geography/E07000169,,304,,E07000169
Rotherham,http://statistics.data.gov.uk/id/statistical-geography/E08000018,,305,,E08000018
Sheffield,http://statistics.data.gov.uk/id/statistical-geography/E08000019,,306,,E08000019
Wakefield,http://statistics.data.gov.uk/id/statistical-geography/E08000036,,307,,E08000036
York,http://statistics.data.gov.uk/id/statistical-geography/E06000014,,308,,E06000014
Antrim and Newtownabbey,http://statistics.data.gov.uk/id/statistical-geography/N09000001,,309,,N09000001
Ards and North Down,http://statistics.data.gov.uk/id/statistical-geography/N09000011,,310,,N09000011
"Armagh City, Banbridge and Craigavon",http://statistics.data.gov.uk/id/statistical-geography/N09000002,,311,,N09000002
Belfast,http://statistics.data.gov.uk/id/statistical-geography/N09000003,,312,,N09000003
Causeway Coast and Glens,http://statistics.data.gov.uk/id/statistical-geography/N09000004,,313,,N09000004
Derry City and Strabane,http://statistics.data.gov.uk/id/statistical-geography/N09000005,,314,,N09000005
Fermanagh and Omagh,http://statistics.data.gov.uk/id/statistical-geography/N09000006,,315,,N09000006
Lisburn and Castlereagh,http://statistics.data.gov.uk/id/statistical-geography/N09000007,,316,,N09000007
Mid and East Antrim,http://statistics.data.gov.uk/id/statistical-geography/N09000008,,317,,N09000008
Mid Ulster,http://statistics.data.gov.uk/id/statistical-geography/N09000009,,318,,N09000009
"Newry, Mourne and Down",http://statistics.data.gov.uk/id/statistical-geography/N09000010,,319,,N09000010
Aberdeen City,http://statistics.data.gov.uk/id/statistical-geography/S12000033,,320,,S12000033
Aberdeenshire,http://statistics.data.gov.uk/id/statistical-geography/S12000034,,321,,S12000034
Angus,http://statistics.data.gov.uk/id/statistical-geography/S12000041,,322,,S12000041
Argyll and Bute,http://statistics.data.gov.uk/id/statistical-geography/S12000035,,323,,S12000035
City of Edinburgh,http://statistics.data.gov.uk/id/statistical-geography/S12000036,,324,,S12000036
Clackmannanshire,http://statistics.data.gov.uk/id/statistical-geography/S12000005,,325,,S12000005
Dumfries and Galloway,http://statistics.data.gov.uk/id/statistical-geography/S12000006,,326,,S12000006
Dundee City,http://statistics.data.gov.uk/id/statistical-geography/S12000042,,327,,S12000042
East Ayrshire,http://statistics.data.gov.uk/id/statistical-geography/S12000008,,328,,S12000008
East Dunbartonshire,http://statistics.data.gov.uk/id/statistical-geography/S12000045,,329,,S12000045
East Lothian,http://statistics.data.gov.uk/id/statistical-geography/S12000010,,330,,S12000010
East Renfrewshire,http://statistics.data.gov.uk/id/statistical-geography/S12000011,,331,,S12000011
Falkirk,http://statistics.data.gov.uk/id/statistical-geography/S12000014,,332,,S12000014
Fife,http://statistics.data.gov.uk/id/statistical-geography/S12000047,,333,,S12000047
Glasgow City,http://statistics.data.gov.uk/id/statistical-geography/S12000049,,334,,S12000049
Highland,http://statistics.data.gov.uk/id/statistical-geography/S12000017,,335,,S12000017
Inverclyde,http://statistics.data.gov.uk/id/statistical-geography/S12000018,,336,,S12000018
Midlothian,http://statistics.data.gov.uk/id/statistical-geography/S12000019,,337,,S12000019
Moray,http://statistics.data.gov.uk/id/statistical-geography/S12000020,,338,,S12000020
Na h-Eileanan Siar,http://statistics.data.gov.uk/id/statistical-geography/S12000013,,339,,S12000013
North Ayrshire,http://statistics.data.gov.uk/id/statistical-geography/S12000021,,340,,S12000021
North Lanarkshire,http://statistics.data.gov.uk/id/statistical-geography/S12000050,,341,,S12000050
Orkney Islands,http://statistics.data.gov.uk/id/statistical-geography/S12000023,,342,,S12000023
Perth and Kinross,http://statistics.data.gov.uk/id/statistical-geography/S12000048,,343,,S12000048
Renfrewshire,http://statistics.data.gov.uk/id/statistical-geography/S12000038,,344,,S12000038
Scottish Borders,http://statistics.data.gov.uk/id/statistical-geography/S12000026,,345,,S12000026
Shetland Islands,http://statistics.data.gov.uk/id/statistical-geography/S12000027,,346,,S12000027
South Ayrshire,http://statistics.data.gov.uk/id/statistical-geography/S12000028,,347,,S12000028
South Lanarkshire,http://statistics.data.gov.uk/id/statistical-geography/S12000029,,348,,S12000029
Stirling,http://statistics.data.gov.uk/id/statistical-geography/S12000030,,349,,S12000030
West Dunbartonshire,http://statistics.data.gov.uk/id/statistical-geography/S12000039,,350,,S12000039
West Lothian,http://statistics.data.gov.uk/id/statistical-geography/S12000040,,351,,S12000040
Blaenau Gwent,http://statistics.data.gov.uk/id/statistical-geography/W06000019,,354,,W06000019
Bridgend,http://statistics.data.gov.uk/id/statistical-geography/W06000013,,355,,W06000013
Caerphilly,http://statistics.data.gov.uk/id/statistical-geography/W06000018,,356,,W06000018
Cardiff,http://statistics.data.gov.uk/id/statistical-geography/W06000015,,357,,W06000015
Carmarthenshire,http://statistics.data.gov.uk/id/statistical-geography/W06000010,,358,,W06000010
Ceredigion,http://statistics.data.gov.uk/id/statistical-geography/W06000008,,359,,W06000008
Conwy,http://statistics.data.gov.uk/id/statistical-geography/W06000003,,360,,W06000003
Denbighshire,http://statistics.data.gov.uk/id/statistical-geography/W06000004,,361,,W06000004
Flintshire,http://statistics.data.gov.uk/id/statistical-geography/W06000005,,362,,W06000005
Gwynedd,http://statistics.data.gov.uk/id/statistical-geography/W06000002,,363,,W06000002
Isle of Anglesey,http://statistics.data.gov.uk/id/statistical-geography/W06000001,,364,,W06000001
Merthyr Tydfil,http://statistics.data.gov.uk/id/statistical-geography/W06000024,,365,,W06000024
Monmouthshire,http://statistics.data.gov.uk/id/statistical-geography/W06000021,,366,,W06000021
Neath Port Talbot,http://statistics.data.gov.uk/id/statistical-geography/W06000012,,367,,W06000012
Newport,http://statistics.data.gov.uk/id/statistical-geography/W06000022,,368,,W06000022
Pembrokeshire,http://statistics.data.gov.uk/id/statistical-geography/W06000009,,369,,W06000009
Powys,http://statistics.data.gov.uk/id/statistical-geography/W06000023,,370,,W06000023
Rhondda Cynon Taf,http://statistics.data.gov.uk/id/statistical-geography/W06000016,,371,,W06000016
Swansea,http://statistics.data.gov.uk/id/statistical-geography/W06000011,,372,,W06000011
Torfaen,http://statistics.data.gov.uk/id/statistical-geography/W06000020,,373,,W06000020
Vale of Glamorgan,http://statistics.data.gov.uk/id/statistical-geography/W06000014,,374,,W06000014
Wrexham,http://statistics.data.gov.uk/id/statistical-geography/W06000006,,375,,W06000006
"Large elec users (high voltage lines) unknown location
","http://gss-data.org.uk/data/gss_data/climate-change/beis-2005-to-2020-local-authority-greenhouse-gas-emissions#concept/local-authority-code/large-elec',",,376,,large-elec
Unallocated consumption,"http://gss-data.org.uk/data/gss_data/climate-change/beis-2005-to-2020-local-authority-greenhouse-gas-emissions#concept/local-authority-code/unallocated-consumption',",,377,,unallocated-consumption
Unallocated electricity NI,http://gss-data.org.uk/data/gss_data/climate-change/beis-2005-to-2020-local-authority-greenhouse-gas-emissions#concept/local-authority-code/unallocated-elec-ni,,378,,unallocated-elec-ni